{"cameraMode":{"drawMode":0,"name":"Shaded","section":"Shading Mode"},"sceneLighting":false,"audioPlay":false,"sceneViewState":{"m_AlwaysRefresh":false,"showFog":true,"showSkybox":false,"showFlares":true,"showImageEffects":true,"showParticleSystems":true,"showVisualEffectGraphs":true,"m_FxEnabled":true},"in2DMode":false,"pivot":{"x":-8.287160873413086,"y":0.3955618739128113,"z":0.9870679378509522},"rotation":{"x":-0.006174983456730843,"y":0.975334882736206,"z":-0.2189328670501709,"w":-0.027511144056916238},"size":1.2657963037490845,"orthographic":false}